ad_id,window_start,window_end,click_count
ad93,2025-01-01T01:01:00.000-08:00,2025-01-01T01:02:00.000-08:00,2126
ad20,2025-01-01T01:03:00.000-08:00,2025-01-01T01:04:00.000-08:00,2120
ad98,2025-01-01T01:02:00.000-08:00,2025-01-01T01:03:00.000-08:00,2115
ad52,2025-01-01T01:03:00.000-08:00,2025-01-01T01:04:00.000-08:00,2112
ad60,2025-01-01T01:02:00.000-08:00,2025-01-01T01:03:00.000-08:00,2107
ad78,2025-01-01T01:03:00.000-08:00,2025-01-01T01:04:00.000-08:00,2106
ad16,2025-01-01T01:03:00.000-08:00,2025-01-01T01:04:00.000-08:00,2101
ad38,2025-01-01T01:03:00.000-08:00,2025-01-01T01:04:00.000-08:00,2101
ad97,2025-01-01T01:02:00.000-08:00,2025-01-01T01:03:00.000-08:00,2099
ad61,2025-01-01T01:03:00.000-08:00,2025-01-01T01:04:00.000-08:00,2093
ad82,2025-01-01T01:02:00.000-08:00,2025-01-01T01:03:00.000-08:00,2091
ad53,2025-01-01T01:03:00.000-08:00,2025-01-01T01:04:00.000-08:00,2090
ad6,2025-01-01T01:01:00.000-08:00,2025-01-01T01:02:00.000-08:00,2087
ad96,2025-01-01T01:02:00.000-08:00,2025-01-01T01:03:00.000-08:00,2084
ad40,2025-01-01T01:03:00.000-08:00,2025-01-01T01:04:00.000-08:00,2084
ad58,2025-01-01T01:00:00.000-08:00,2025-01-01T01:01:00.000-08:00,2079
ad55,2025-01-01T01:04:00.000-08:00,2025-01-01T01:05:00.000-08:00,2079
ad82,2025-01-01T01:04:00.000-08:00,2025-01-01T01:05:00.000-08:00,2077
ad48,2025-01-01T01:02:00.000-08:00,2025-01-01T01:03:00.000-08:00,2076
ad64,2025-01-01T01:01:00.000-08:00,2025-01-01T01:02:00.000-08:00,2074
ad14,2025-01-01T01:02:00.000-08:00,2025-01-01T01:03:00.000-08:00,2074
ad40,2025-01-01T01:02:00.000-08:00,2025-01-01T01:03:00.000-08:00,2073
ad43,2025-01-01T01:03:00.000-08:00,2025-01-01T01:04:00.000-08:00,2072
ad8,2025-01-01T01:04:00.000-08:00,2025-01-01T01:05:00.000-08:00,2071
ad42,2025-01-01T01:01:00.000-08:00,2025-01-01T01:02:00.000-08:00,2070
ad37,2025-01-01T01:04:00.000-08:00,2025-01-01T01:05:00.000-08:00,2070
ad67,2025-01-01T01:03:00.000-08:00,2025-01-01T01:04:00.000-08:00,2069
ad24,2025-01-01T01:03:00.000-08:00,2025-01-01T01:04:00.000-08:00,2069
ad37,2025-01-01T01:02:00.000-08:00,2025-01-01T01:03:00.000-08:00,2068
ad54,2025-01-01T01:02:00.000-08:00,2025-01-01T01:03:00.000-08:00,2064
ad68,2025-01-01T01:02:00.000-08:00,2025-01-01T01:03:00.000-08:00,2064
ad44,2025-01-01T01:04:00.000-08:00,2025-01-01T01:05:00.000-08:00,2064
ad91,2025-01-01T01:03:00.000-08:00,2025-01-01T01:04:00.000-08:00,2063
ad80,2025-01-01T01:02:00.000-08:00,2025-01-01T01:03:00.000-08:00,2063
ad96,2025-01-01T01:01:00.000-08:00,2025-01-01T01:02:00.000-08:00,2061
ad73,2025-01-01T01:03:00.000-08:00,2025-01-01T01:04:00.000-08:00,2061
ad26,2025-01-01T01:02:00.000-08:00,2025-01-01T01:03:00.000-08:00,2061
ad45,2025-01-01T01:02:00.000-08:00,2025-01-01T01:03:00.000-08:00,2061
ad51,2025-01-01T01:01:00.000-08:00,2025-01-01T01:02:00.000-08:00,2060
ad52,2025-01-01T01:00:00.000-08:00,2025-01-01T01:01:00.000-08:00,2060
ad50,2025-01-01T01:01:00.000-08:00,2025-01-01T01:02:00.000-08:00,2058
ad8,2025-01-01T01:01:00.000-08:00,2025-01-01T01:02:00.000-08:00,2058
ad75,2025-01-01T01:04:00.000-08:00,2025-01-01T01:05:00.000-08:00,2057
ad79,2025-01-01T01:02:00.000-08:00,2025-01-01T01:03:00.000-08:00,2057
ad54,2025-01-01T01:01:00.000-08:00,2025-01-01T01:02:00.000-08:00,2057
ad23,2025-01-01T01:02:00.000-08:00,2025-01-01T01:03:00.000-08:00,2056
ad53,2025-01-01T01:01:00.000-08:00,2025-01-01T01:02:00.000-08:00,2056
ad6,2025-01-01T01:03:00.000-08:00,2025-01-01T01:04:00.000-08:00,2055
ad21,2025-01-01T01:03:00.000-08:00,2025-01-01T01:04:00.000-08:00,2055
ad15,2025-01-01T01:02:00.000-08:00,2025-01-01T01:03:00.000-08:00,2055
ad4,2025-01-01T01:04:00.000-08:00,2025-01-01T01:05:00.000-08:00,2054
ad41,2025-01-01T01:02:00.000-08:00,2025-01-01T01:03:00.000-08:00,2052
ad64,2025-01-01T01:02:00.000-08:00,2025-01-01T01:03:00.000-08:00,2052
ad22,2025-01-01T01:03:00.000-08:00,2025-01-01T01:04:00.000-08:00,2052
ad100,2025-01-01T01:01:00.000-08:00,2025-01-01T01:02:00.000-08:00,2051
ad47,2025-01-01T01:02:00.000-08:00,2025-01-01T01:03:00.000-08:00,2051
ad39,2025-01-01T01:02:00.000-08:00,2025-01-01T01:03:00.000-08:00,2051
ad71,2025-01-01T01:03:00.000-08:00,2025-01-01T01:04:00.000-08:00,2050
ad39,2025-01-01T01:04:00.000-08:00,2025-01-01T01:05:00.000-08:00,2050
ad35,2025-01-01T01:03:00.000-08:00,2025-01-01T01:04:00.000-08:00,2050
ad65,2025-01-01T01:02:00.000-08:00,2025-01-01T01:03:00.000-08:00,2049
ad25,2025-01-01T01:01:00.000-08:00,2025-01-01T01:02:00.000-08:00,2049
ad98,2025-01-01T01:04:00.000-08:00,2025-01-01T01:05:00.000-08:00,2049
ad51,2025-01-01T01:03:00.000-08:00,2025-01-01T01:04:00.000-08:00,2049
ad37,2025-01-01T01:01:00.000-08:00,2025-01-01T01:02:00.000-08:00,2048
ad28,2025-01-01T01:03:00.000-08:00,2025-01-01T01:04:00.000-08:00,2048
ad26,2025-01-01T01:04:00.000-08:00,2025-01-01T01:05:00.000-08:00,2047
ad80,2025-01-01T01:04:00.000-08:00,2025-01-01T01:05:00.000-08:00,2046
ad3,2025-01-01T01:00:00.000-08:00,2025-01-01T01:01:00.000-08:00,2046
ad86,2025-01-01T01:03:00.000-08:00,2025-01-01T01:04:00.000-08:00,2046
ad7,2025-01-01T01:03:00.000-08:00,2025-01-01T01:04:00.000-08:00,2045
ad79,2025-01-01T01:01:00.000-08:00,2025-01-01T01:02:00.000-08:00,2045
ad10,2025-01-01T01:02:00.000-08:00,2025-01-01T01:03:00.000-08:00,2044
ad64,2025-01-01T01:03:00.000-08:00,2025-01-01T01:04:00.000-08:00,2044
ad98,2025-01-01T01:01:00.000-08:00,2025-01-01T01:02:00.000-08:00,2044
ad57,2025-01-01T01:01:00.000-08:00,2025-01-01T01:02:00.000-08:00,2043
ad52,2025-01-01T01:04:00.000-08:00,2025-01-01T01:05:00.000-08:00,2042
ad70,2025-01-01T01:02:00.000-08:00,2025-01-01T01:03:00.000-08:00,2041
ad79,2025-01-01T01:03:00.000-08:00,2025-01-01T01:04:00.000-08:00,2041
ad57,2025-01-01T01:02:00.000-08:00,2025-01-01T01:03:00.000-08:00,2041
ad21,2025-01-01T01:02:00.000-08:00,2025-01-01T01:03:00.000-08:00,2041
ad49,2025-01-01T01:02:00.000-08:00,2025-01-01T01:03:00.000-08:00,2040
ad30,2025-01-01T01:04:00.000-08:00,2025-01-01T01:05:00.000-08:00,2038
ad28,2025-01-01T01:01:00.000-08:00,2025-01-01T01:02:00.000-08:00,2038
ad97,2025-01-01T01:04:00.000-08:00,2025-01-01T01:05:00.000-08:00,2037
ad38,2025-01-01T01:01:00.000-08:00,2025-01-01T01:02:00.000-08:00,2037
ad99,2025-01-01T01:04:00.000-08:00,2025-01-01T01:05:00.000-08:00,2036
ad81,2025-01-01T01:00:00.000-08:00,2025-01-01T01:01:00.000-08:00,2036
ad46,2025-01-01T01:03:00.000-08:00,2025-01-01T01:04:00.000-08:00,2035
ad22,2025-01-01T01:00:00.000-08:00,2025-01-01T01:01:00.000-08:00,2034
ad66,2025-01-01T01:01:00.000-08:00,2025-01-01T01:02:00.000-08:00,2033
ad49,2025-01-01T01:04:00.000-08:00,2025-01-01T01:05:00.000-08:00,2033
ad5,2025-01-01T01:03:00.000-08:00,2025-01-01T01:04:00.000-08:00,2032
ad4,2025-01-01T01:02:00.000-08:00,2025-01-01T01:03:00.000-08:00,2032
ad95,2025-01-01T01:03:00.000-08:00,2025-01-01T01:04:00.000-08:00,2032
ad61,2025-01-01T01:04:00.000-08:00,2025-01-01T01:05:00.000-08:00,2031
ad75,2025-01-01T01:01:00.000-08:00,2025-01-01T01:02:00.000-08:00,2031
ad50,2025-01-01T01:02:00.000-08:00,2025-01-01T01:03:00.000-08:00,2031
ad12,2025-01-01T01:00:00.000-08:00,2025-01-01T01:01:00.000-08:00,2030
ad31,2025-01-01T01:03:00.000-08:00,2025-01-01T01:04:00.000-08:00,2030
ad63,2025-01-01T01:04:00.000-08:00,2025-01-01T01:05:00.000-08:00,2029
ad60,2025-01-01T01:03:00.000-08:00,2025-01-01T01:04:00.000-08:00,2029
ad82,2025-01-01T01:03:00.000-08:00,2025-01-01T01:04:00.000-08:00,2029
ad50,2025-01-01T01:04:00.000-08:00,2025-01-01T01:05:00.000-08:00,2029
ad53,2025-01-01T01:00:00.000-08:00,2025-01-01T01:01:00.000-08:00,2028
ad91,2025-01-01T01:04:00.000-08:00,2025-01-01T01:05:00.000-08:00,2027
ad92,2025-01-01T01:02:00.000-08:00,2025-01-01T01:03:00.000-08:00,2027
ad90,2025-01-01T01:03:00.000-08:00,2025-01-01T01:04:00.000-08:00,2027
ad66,2025-01-01T01:02:00.000-08:00,2025-01-01T01:03:00.000-08:00,2027
ad28,2025-01-01T01:02:00.000-08:00,2025-01-01T01:03:00.000-08:00,2027
ad36,2025-01-01T01:02:00.000-08:00,2025-01-01T01:03:00.000-08:00,2026
ad76,2025-01-01T01:04:00.000-08:00,2025-01-01T01:05:00.000-08:00,2025
ad63,2025-01-01T01:00:00.000-08:00,2025-01-01T01:01:00.000-08:00,2025
ad77,2025-01-01T01:01:00.000-08:00,2025-01-01T01:02:00.000-08:00,2025
ad83,2025-01-01T01:02:00.000-08:00,2025-01-01T01:03:00.000-08:00,2025
ad48,2025-01-01T01:04:00.000-08:00,2025-01-01T01:05:00.000-08:00,2025
ad45,2025-01-01T01:04:00.000-08:00,2025-01-01T01:05:00.000-08:00,2025
ad59,2025-01-01T01:01:00.000-08:00,2025-01-01T01:02:00.000-08:00,2024
ad18,2025-01-01T01:01:00.000-08:00,2025-01-01T01:02:00.000-08:00,2024
ad56,2025-01-01T01:01:00.000-08:00,2025-01-01T01:02:00.000-08:00,2024
ad5,2025-01-01T01:04:00.000-08:00,2025-01-01T01:05:00.000-08:00,2024
ad21,2025-01-01T01:04:00.000-08:00,2025-01-01T01:05:00.000-08:00,2024
ad62,2025-01-01T01:02:00.000-08:00,2025-01-01T01:03:00.000-08:00,2023
ad6,2025-01-01T01:02:00.000-08:00,2025-01-01T01:03:00.000-08:00,2023
ad59,2025-01-01T01:03:00.000-08:00,2025-01-01T01:04:00.000-08:00,2022
ad73,2025-01-01T01:01:00.000-08:00,2025-01-01T01:02:00.000-08:00,2022
ad72,2025-01-01T01:02:00.000-08:00,2025-01-01T01:03:00.000-08:00,2022
ad47,2025-01-01T01:04:00.000-08:00,2025-01-01T01:05:00.000-08:00,2022
ad12,2025-01-01T01:01:00.000-08:00,2025-01-01T01:02:00.000-08:00,2021
ad18,2025-01-01T01:04:00.000-08:00,2025-01-01T01:05:00.000-08:00,2021
ad94,2025-01-01T01:01:00.000-08:00,2025-01-01T01:02:00.000-08:00,2021
ad68,2025-01-01T01:03:00.000-08:00,2025-01-01T01:04:00.000-08:00,2021
ad50,2025-01-01T01:03:00.000-08:00,2025-01-01T01:04:00.000-08:00,2021
ad49,2025-01-01T01:03:00.000-08:00,2025-01-01T01:04:00.000-08:00,2021
ad9,2025-01-01T01:04:00.000-08:00,2025-01-01T01:05:00.000-08:00,2020
ad27,2025-01-01T01:03:00.000-08:00,2025-01-01T01:04:00.000-08:00,2019
ad47,2025-01-01T01:03:00.000-08:00,2025-01-01T01:04:00.000-08:00,2019
ad62,2025-01-01T01:00:00.000-08:00,2025-01-01T01:01:00.000-08:00,2018
ad21,2025-01-01T01:01:00.000-08:00,2025-01-01T01:02:00.000-08:00,2018
ad32,2025-01-01T01:01:00.000-08:00,2025-01-01T01:02:00.000-08:00,2018
ad98,2025-01-01T01:00:00.000-08:00,2025-01-01T01:01:00.000-08:00,2018
ad87,2025-01-01T01:01:00.000-08:00,2025-01-01T01:02:00.000-08:00,2017
ad17,2025-01-01T01:02:00.000-08:00,2025-01-01T01:03:00.000-08:00,2017
ad30,2025-01-01T01:03:00.000-08:00,2025-01-01T01:04:00.000-08:00,2017
ad29,2025-01-01T01:02:00.000-08:00,2025-01-01T01:03:00.000-08:00,2017
ad86,2025-01-01T01:02:00.000-08:00,2025-01-01T01:03:00.000-08:00,2017
ad40,2025-01-01T01:01:00.000-08:00,2025-01-01T01:02:00.000-08:00,2017
ad88,2025-01-01T01:02:00.000-08:00,2025-01-01T01:03:00.000-08:00,2016
ad25,2025-01-01T01:00:00.000-08:00,2025-01-01T01:01:00.000-08:00,2016
ad77,2025-01-01T01:03:00.000-08:00,2025-01-01T01:04:00.000-08:00,2016
ad13,2025-01-01T01:00:00.000-08:00,2025-01-01T01:01:00.000-08:00,2016
ad1,2025-01-01T01:01:00.000-08:00,2025-01-01T01:02:00.000-08:00,2015
ad63,2025-01-01T01:01:00.000-08:00,2025-01-01T01:02:00.000-08:00,2015
ad89,2025-01-01T01:01:00.000-08:00,2025-01-01T01:02:00.000-08:00,2015
ad2,2025-01-01T01:04:00.000-08:00,2025-01-01T01:05:00.000-08:00,2015
ad23,2025-01-01T01:04:00.000-08:00,2025-01-01T01:05:00.000-08:00,2015
ad39,2025-01-01T01:01:00.000-08:00,2025-01-01T01:02:00.000-08:00,2015
ad14,2025-01-01T01:03:00.000-08:00,2025-01-01T01:04:00.000-08:00,2015
ad55,2025-01-01T01:02:00.000-08:00,2025-01-01T01:03:00.000-08:00,2015
ad62,2025-01-01T01:01:00.000-08:00,2025-01-01T01:02:00.000-08:00,2014
ad62,2025-01-01T01:03:00.000-08:00,2025-01-01T01:04:00.000-08:00,2014
ad34,2025-01-01T01:01:00.000-08:00,2025-01-01T01:02:00.000-08:00,2014
ad83,2025-01-01T01:04:00.000-08:00,2025-01-01T01:05:00.000-08:00,2014
ad55,2025-01-01T01:03:00.000-08:00,2025-01-01T01:04:00.000-08:00,2014
ad28,2025-01-01T01:04:00.000-08:00,2025-01-01T01:05:00.000-08:00,2014
ad76,2025-01-01T01:01:00.000-08:00,2025-01-01T01:02:00.000-08:00,2013
ad42,2025-01-01T01:04:00.000-08:00,2025-01-01T01:05:00.000-08:00,2013
ad11,2025-01-01T01:01:00.000-08:00,2025-01-01T01:02:00.000-08:00,2013
ad27,2025-01-01T01:01:00.000-08:00,2025-01-01T01:02:00.000-08:00,2013
ad80,2025-01-01T01:01:00.000-08:00,2025-01-01T01:02:00.000-08:00,2012
ad85,2025-01-01T01:04:00.000-08:00,2025-01-01T01:05:00.000-08:00,2012
ad92,2025-01-01T01:01:00.000-08:00,2025-01-01T01:02:00.000-08:00,2012
ad57,2025-01-01T01:03:00.000-08:00,2025-01-01T01:04:00.000-08:00,2012
ad6,2025-01-01T01:04:00.000-08:00,2025-01-01T01:05:00.000-08:00,2012
ad53,2025-01-01T01:02:00.000-08:00,2025-01-01T01:03:00.000-08:00,2012
ad45,2025-01-01T01:03:00.000-08:00,2025-01-01T01:04:00.000-08:00,2012
ad63,2025-01-01T01:02:00.000-08:00,2025-01-01T01:03:00.000-08:00,2011
ad41,2025-01-01T01:03:00.000-08:00,2025-01-01T01:04:00.000-08:00,2011
ad95,2025-01-01T01:01:00.000-08:00,2025-01-01T01:02:00.000-08:00,2011
ad66,2025-01-01T01:03:00.000-08:00,2025-01-01T01:04:00.000-08:00,2011
ad16,2025-01-01T01:04:00.000-08:00,2025-01-01T01:05:00.000-08:00,2010
ad30,2025-01-01T01:02:00.000-08:00,2025-01-01T01:03:00.000-08:00,2010
ad84,2025-01-01T01:04:00.000-08:00,2025-01-01T01:05:00.000-08:00,2010
ad14,2025-01-01T01:01:00.000-08:00,2025-01-01T01:02:00.000-08:00,2010
ad71,2025-01-01T01:01:00.000-08:00,2025-01-01T01:02:00.000-08:00,2009
ad1,2025-01-01T01:04:00.000-08:00,2025-01-01T01:05:00.000-08:00,2009
ad76,2025-01-01T01:02:00.000-08:00,2025-01-01T01:03:00.000-08:00,2008
ad88,2025-01-01T01:03:00.000-08:00,2025-01-01T01:04:00.000-08:00,2008
ad57,2025-01-01T01:00:00.000-08:00,2025-01-01T01:01:00.000-08:00,2007
ad36,2025-01-01T01:04:00.000-08:00,2025-01-01T01:05:00.000-08:00,2007
ad84,2025-01-01T01:03:00.000-08:00,2025-01-01T01:04:00.000-08:00,2007
ad100,2025-01-01T01:00:00.000-08:00,2025-01-01T01:01:00.000-08:00,2007
ad48,2025-01-01T01:00:00.000-08:00,2025-01-01T01:01:00.000-08:00,2007
ad74,2025-01-01T01:02:00.000-08:00,2025-01-01T01:03:00.000-08:00,2006
ad90,2025-01-01T01:02:00.000-08:00,2025-01-01T01:03:00.000-08:00,2006
ad52,2025-01-01T01:01:00.000-08:00,2025-01-01T01:02:00.000-08:00,2006
ad96,2025-01-01T01:03:00.000-08:00,2025-01-01T01:04:00.000-08:00,2005
ad43,2025-01-01T01:01:00.000-08:00,2025-01-01T01:02:00.000-08:00,2005
ad74,2025-01-01T01:01:00.000-08:00,2025-01-01T01:02:00.000-08:00,2005
ad22,2025-01-01T01:04:00.000-08:00,2025-01-01T01:05:00.000-08:00,2005
ad25,2025-01-01T01:04:00.000-08:00,2025-01-01T01:05:00.000-08:00,2004
ad11,2025-01-01T01:03:00.000-08:00,2025-01-01T01:04:00.000-08:00,2004
ad86,2025-01-01T01:01:00.000-08:00,2025-01-01T01:02:00.000-08:00,2004
ad67,2025-01-01T01:04:00.000-08:00,2025-01-01T01:05:00.000-08:00,2003
ad92,2025-01-01T01:04:00.000-08:00,2025-01-01T01:05:00.000-08:00,2002
ad2,2025-01-01T01:03:00.000-08:00,2025-01-01T01:04:00.000-08:00,2001
ad54,2025-01-01T01:03:00.000-08:00,2025-01-01T01:04:00.000-08:00,2001
ad4,2025-01-01T01:01:00.000-08:00,2025-01-01T01:02:00.000-08:00,2001
ad99,2025-01-01T01:01:00.000-08:00,2025-01-01T01:02:00.000-08:00,2001
ad84,2025-01-01T01:01:00.000-08:00,2025-01-01T01:02:00.000-08:00,2001
ad70,2025-01-01T01:04:00.000-08:00,2025-01-01T01:05:00.000-08:00,2000
ad34,2025-01-01T01:02:00.000-08:00,2025-01-01T01:03:00.000-08:00,2000
ad18,2025-01-01T01:02:00.000-08:00,2025-01-01T01:03:00.000-08:00,1999
ad7,2025-01-01T01:02:00.000-08:00,2025-01-01T01:03:00.000-08:00,1999
ad63,2025-01-01T01:03:00.000-08:00,2025-01-01T01:04:00.000-08:00,1999
ad10,2025-01-01T01:03:00.000-08:00,2025-01-01T01:04:00.000-08:00,1999
ad100,2025-01-01T01:03:00.000-08:00,2025-01-01T01:04:00.000-08:00,1999
ad32,2025-01-01T01:03:00.000-08:00,2025-01-01T01:04:00.000-08:00,1999
ad44,2025-01-01T01:01:00.000-08:00,2025-01-01T01:02:00.000-08:00,1999
ad19,2025-01-01T01:03:00.000-08:00,2025-01-01T01:04:00.000-08:00,1998
ad83,2025-01-01T01:03:00.000-08:00,2025-01-01T01:04:00.000-08:00,1998
ad38,2025-01-01T01:04:00.000-08:00,2025-01-01T01:05:00.000-08:00,1998
ad78,2025-01-01T01:04:00.000-08:00,2025-01-01T01:05:00.000-08:00,1997
ad41,2025-01-01T01:04:00.000-08:00,2025-01-01T01:05:00.000-08:00,1997
ad30,2025-01-01T01:01:00.000-08:00,2025-01-01T01:02:00.000-08:00,1997
ad90,2025-01-01T01:04:00.000-08:00,2025-01-01T01:05:00.000-08:00,1997
ad12,2025-01-01T01:03:00.000-08:00,2025-01-01T01:04:00.000-08:00,1996
ad80,2025-01-01T01:00:00.000-08:00,2025-01-01T01:01:00.000-08:00,1996
ad73,2025-01-01T01:04:00.000-08:00,2025-01-01T01:05:00.000-08:00,1996
ad3,2025-01-01T01:03:00.000-08:00,2025-01-01T01:04:00.000-08:00,1996
ad72,2025-01-01T01:03:00.000-08:00,2025-01-01T01:04:00.000-08:00,1996
ad26,2025-01-01T01:03:00.000-08:00,2025-01-01T01:04:00.000-08:00,1996
ad81,2025-01-01T01:04:00.000-08:00,2025-01-01T01:05:00.000-08:00,1996
ad20,2025-01-01T01:04:00.000-08:00,2025-01-01T01:05:00.000-08:00,1995
ad93,2025-01-01T01:02:00.000-08:00,2025-01-01T01:03:00.000-08:00,1995
ad88,2025-01-01T01:04:00.000-08:00,2025-01-01T01:05:00.000-08:00,1995
ad46,2025-01-01T01:04:00.000-08:00,2025-01-01T01:05:00.000-08:00,1995
ad27,2025-01-01T01:02:00.000-08:00,2025-01-01T01:03:00.000-08:00,1995
ad48,2025-01-01T01:01:00.000-08:00,2025-01-01T01:02:00.000-08:00,1995
ad66,2025-01-01T01:00:00.000-08:00,2025-01-01T01:01:00.000-08:00,1995
ad1,2025-01-01T01:03:00.000-08:00,2025-01-01T01:04:00.000-08:00,1994
ad41,2025-01-01T01:01:00.000-08:00,2025-01-01T01:02:00.000-08:00,1994
ad77,2025-01-01T01:04:00.000-08:00,2025-01-01T01:05:00.000-08:00,1994
ad58,2025-01-01T01:03:00.000-08:00,2025-01-01T01:04:00.000-08:00,1994
ad68,2025-01-01T01:00:00.000-08:00,2025-01-01T01:01:00.000-08:00,1994
ad70,2025-01-01T01:03:00.000-08:00,2025-01-01T01:04:00.000-08:00,1993
ad13,2025-01-01T01:01:00.000-08:00,2025-01-01T01:02:00.000-08:00,1993
ad22,2025-01-01T01:02:00.000-08:00,2025-01-01T01:03:00.000-08:00,1993
ad9,2025-01-01T01:00:00.000-08:00,2025-01-01T01:01:00.000-08:00,1992
ad78,2025-01-01T01:01:00.000-08:00,2025-01-01T01:02:00.000-08:00,1992
ad2,2025-01-01T01:02:00.000-08:00,2025-01-01T01:03:00.000-08:00,1992
ad69,2025-01-01T01:02:00.000-08:00,2025-01-01T01:03:00.000-08:00,1992
ad27,2025-01-01T01:00:00.000-08:00,2025-01-01T01:01:00.000-08:00,1992
ad37,2025-01-01T01:03:00.000-08:00,2025-01-01T01:04:00.000-08:00,1992
ad65,2025-01-01T01:01:00.000-08:00,2025-01-01T01:02:00.000-08:00,1991
ad7,2025-01-01T01:01:00.000-08:00,2025-01-01T01:02:00.000-08:00,1991
ad94,2025-01-01T01:03:00.000-08:00,2025-01-01T01:04:00.000-08:00,1991
ad29,2025-01-01T01:04:00.000-08:00,2025-01-01T01:05:00.000-08:00,1991
ad11,2025-01-01T01:00:00.000-08:00,2025-01-01T01:01:00.000-08:00,1991
ad10,2025-01-01T01:00:00.000-08:00,2025-01-01T01:01:00.000-08:00,1990
ad54,2025-01-01T01:04:00.000-08:00,2025-01-01T01:05:00.000-08:00,1990
ad36,2025-01-01T01:00:00.000-08:00,2025-01-01T01:01:00.000-08:00,1990
ad26,2025-01-01T01:01:00.000-08:00,2025-01-01T01:02:00.000-08:00,1990
ad90,2025-01-01T01:00:00.000-08:00,2025-01-01T01:01:00.000-08:00,1990
ad17,2025-01-01T01:01:00.000-08:00,2025-01-01T01:02:00.000-08:00,1989
ad34,2025-01-01T01:03:00.000-08:00,2025-01-01T01:04:00.000-08:00,1989
ad94,2025-01-01T01:00:00.000-08:00,2025-01-01T01:01:00.000-08:00,1988
ad4,2025-01-01T01:00:00.000-08:00,2025-01-01T01:01:00.000-08:00,1988
ad33,2025-01-01T01:03:00.000-08:00,2025-01-01T01:04:00.000-08:00,1988
ad82,2025-01-01T01:00:00.000-08:00,2025-01-01T01:01:00.000-08:00,1988
ad39,2025-01-01T01:00:00.000-08:00,2025-01-01T01:01:00.000-08:00,1988
ad95,2025-01-01T01:02:00.000-08:00,2025-01-01T01:03:00.000-08:00,1987
ad33,2025-01-01T01:02:00.000-08:00,2025-01-01T01:03:00.000-08:00,1987
ad67,2025-01-01T01:02:00.000-08:00,2025-01-01T01:03:00.000-08:00,1986
ad9,2025-01-01T01:02:00.000-08:00,2025-01-01T01:03:00.000-08:00,1986
ad60,2025-01-01T01:04:00.000-08:00,2025-01-01T01:05:00.000-08:00,1986
ad72,2025-01-01T01:01:00.000-08:00,2025-01-01T01:02:00.000-08:00,1986
ad14,2025-01-01T01:04:00.000-08:00,2025-01-01T01:05:00.000-08:00,1986
ad65,2025-01-01T01:03:00.000-08:00,2025-01-01T01:04:00.000-08:00,1985
ad24,2025-01-01T01:02:00.000-08:00,2025-01-01T01:03:00.000-08:00,1985
ad43,2025-01-01T01:02:00.000-08:00,2025-01-01T01:03:00.000-08:00,1985
ad72,2025-01-01T01:04:00.000-08:00,2025-01-01T01:05:00.000-08:00,1985
ad44,2025-01-01T01:02:00.000-08:00,2025-01-01T01:03:00.000-08:00,1985
ad14,2025-01-01T01:00:00.000-08:00,2025-01-01T01:01:00.000-08:00,1985
ad17,2025-01-01T01:03:00.000-08:00,2025-01-01T01:04:00.000-08:00,1984
ad13,2025-01-01T01:04:00.000-08:00,2025-01-01T01:05:00.000-08:00,1984
ad31,2025-01-01T01:04:00.000-08:00,2025-01-01T01:05:00.000-08:00,1984
ad48,2025-01-01T01:03:00.000-08:00,2025-01-01T01:04:00.000-08:00,1984
ad87,2025-01-01T01:00:00.000-08:00,2025-01-01T01:01:00.000-08:00,1983
ad74,2025-01-01T01:04:00.000-08:00,2025-01-01T01:05:00.000-08:00,1983
ad36,2025-01-01T01:01:00.000-08:00,2025-01-01T01:02:00.000-08:00,1983
ad13,2025-01-01T01:02:00.000-08:00,2025-01-01T01:03:00.000-08:00,1983
ad58,2025-01-01T01:01:00.000-08:00,2025-01-01T01:02:00.000-08:00,1983
ad15,2025-01-01T01:00:00.000-08:00,2025-01-01T01:01:00.000-08:00,1983
ad43,2025-01-01T01:04:00.000-08:00,2025-01-01T01:05:00.000-08:00,1982
ad16,2025-01-01T01:01:00.000-08:00,2025-01-01T01:02:00.000-08:00,1982
ad57,2025-01-01T01:04:00.000-08:00,2025-01-01T01:05:00.000-08:00,1982
ad69,2025-01-01T01:03:00.000-08:00,2025-01-01T01:04:00.000-08:00,1982
ad90,2025-01-01T01:01:00.000-08:00,2025-01-01T01:02:00.000-08:00,1982
ad8,2025-01-01T01:03:00.000-08:00,2025-01-01T01:04:00.000-08:00,1982
ad75,2025-01-01T01:03:00.000-08:00,2025-01-01T01:04:00.000-08:00,1981
ad3,2025-01-01T01:02:00.000-08:00,2025-01-01T01:03:00.000-08:00,1981
ad99,2025-01-01T01:03:00.000-08:00,2025-01-01T01:04:00.000-08:00,1981
ad87,2025-01-01T01:04:00.000-08:00,2025-01-01T01:05:00.000-08:00,1980
ad91,2025-01-01T01:00:00.000-08:00,2025-01-01T01:01:00.000-08:00,1980
ad20,2025-01-01T01:01:00.000-08:00,2025-01-01T01:02:00.000-08:00,1979
ad87,2025-01-01T01:03:00.000-08:00,2025-01-01T01:04:00.000-08:00,1979
ad70,2025-01-01T01:01:00.000-08:00,2025-01-01T01:02:00.000-08:00,1979
ad80,2025-01-01T01:03:00.000-08:00,2025-01-01T01:04:00.000-08:00,1979
ad46,2025-01-01T01:02:00.000-08:00,2025-01-01T01:03:00.000-08:00,1979
ad60,2025-01-01T01:01:00.000-08:00,2025-01-01T01:02:00.000-08:00,1979
ad32,2025-01-01T01:04:00.000-08:00,2025-01-01T01:05:00.000-08:00,1979
ad62,2025-01-01T01:04:00.000-08:00,2025-01-01T01:05:00.000-08:00,1978
ad96,2025-01-01T01:04:00.000-08:00,2025-01-01T01:05:00.000-08:00,1977
ad28,2025-01-01T01:00:00.000-08:00,2025-01-01T01:01:00.000-08:00,1977
ad69,2025-01-01T01:04:00.000-08:00,2025-01-01T01:05:00.000-08:00,1976
ad3,2025-01-01T01:04:00.000-08:00,2025-01-01T01:05:00.000-08:00,1976
ad61,2025-01-01T01:00:00.000-08:00,2025-01-01T01:01:00.000-08:00,1975
ad20,2025-01-01T01:02:00.000-08:00,2025-01-01T01:03:00.000-08:00,1975
ad67,2025-01-01T01:00:00.000-08:00,2025-01-01T01:01:00.000-08:00,1975
ad5,2025-01-01T01:01:00.000-08:00,2025-01-01T01:02:00.000-08:00,1975
ad94,2025-01-01T01:02:00.000-08:00,2025-01-01T01:03:00.000-08:00,1975
ad81,2025-01-01T01:01:00.000-08:00,2025-01-01T01:02:00.000-08:00,1975
ad39,2025-01-01T01:03:00.000-08:00,2025-01-01T01:04:00.000-08:00,1975
ad35,2025-01-01T01:02:00.000-08:00,2025-01-01T01:03:00.000-08:00,1975
ad71,2025-01-01T01:04:00.000-08:00,2025-01-01T01:05:00.000-08:00,1974
ad56,2025-01-01T01:03:00.000-08:00,2025-01-01T01:04:00.000-08:00,1974
ad9,2025-01-01T01:03:00.000-08:00,2025-01-01T01:04:00.000-08:00,1974
ad5,2025-01-01T01:02:00.000-08:00,2025-01-01T01:03:00.000-08:00,1974
ad87,2025-01-01T01:02:00.000-08:00,2025-01-01T01:03:00.000-08:00,1973
ad89,2025-01-01T01:02:00.000-08:00,2025-01-01T01:03:00.000-08:00,1973
ad99,2025-01-01T01:02:00.000-08:00,2025-01-01T01:03:00.000-08:00,1972
ad81,2025-01-01T01:02:00.000-08:00,2025-01-01T01:03:00.000-08:00,1972
ad51,2025-01-01T01:00:00.000-08:00,2025-01-01T01:01:00.000-08:00,1972
ad35,2025-01-01T01:01:00.000-08:00,2025-01-01T01:02:00.000-08:00,1972
ad20,2025-01-01T01:00:00.000-08:00,2025-01-01T01:01:00.000-08:00,1971
ad97,2025-01-01T01:03:00.000-08:00,2025-01-01T01:04:00.000-08:00,1971
ad17,2025-01-01T01:00:00.000-08:00,2025-01-01T01:01:00.000-08:00,1971
ad77,2025-01-01T01:02:00.000-08:00,2025-01-01T01:03:00.000-08:00,1971
ad3,2025-01-01T01:01:00.000-08:00,2025-01-01T01:02:00.000-08:00,1971
ad19,2025-01-01T01:04:00.000-08:00,2025-01-01T01:05:00.000-08:00,1971
ad19,2025-01-01T01:01:00.000-08:00,2025-01-01T01:02:00.000-08:00,1971
ad58,2025-01-01T01:04:00.000-08:00,2025-01-01T01:05:00.000-08:00,1971
ad12,2025-01-01T01:02:00.000-08:00,2025-01-01T01:03:00.000-08:00,1970
ad85,2025-01-01T01:03:00.000-08:00,2025-01-01T01:04:00.000-08:00,1970
ad76,2025-01-01T01:03:00.000-08:00,2025-01-01T01:04:00.000-08:00,1969
ad56,2025-01-01T01:04:00.000-08:00,2025-01-01T01:05:00.000-08:00,1969
ad56,2025-01-01T01:02:00.000-08:00,2025-01-01T01:03:00.000-08:00,1969
ad1,2025-01-01T01:02:00.000-08:00,2025-01-01T01:03:00.000-08:00,1969
ad69,2025-01-01T01:01:00.000-08:00,2025-01-01T01:02:00.000-08:00,1969
ad38,2025-01-01T01:02:00.000-08:00,2025-01-01T01:03:00.000-08:00,1969
ad42,2025-01-01T01:02:00.000-08:00,2025-01-01T01:03:00.000-08:00,1968
ad42,2025-01-01T01:03:00.000-08:00,2025-01-01T01:04:00.000-08:00,1968
ad92,2025-01-01T01:03:00.000-08:00,2025-01-01T01:04:00.000-08:00,1968
ad55,2025-01-01T01:01:00.000-08:00,2025-01-01T01:02:00.000-08:00,1968
ad12,2025-01-01T01:04:00.000-08:00,2025-01-01T01:05:00.000-08:00,1967
ad74,2025-01-01T01:03:00.000-08:00,2025-01-01T01:04:00.000-08:00,1967
ad33,2025-01-01T01:00:00.000-08:00,2025-01-01T01:01:00.000-08:00,1967
ad32,2025-01-01T01:00:00.000-08:00,2025-01-01T01:01:00.000-08:00,1967
ad15,2025-01-01T01:04:00.000-08:00,2025-01-01T01:05:00.000-08:00,1967
ad7,2025-01-01T01:04:00.000-08:00,2025-01-01T01:05:00.000-08:00,1966
ad69,2025-01-01T01:00:00.000-08:00,2025-01-01T01:01:00.000-08:00,1966
ad95,2025-01-01T01:00:00.000-08:00,2025-01-01T01:01:00.000-08:00,1966
ad44,2025-01-01T01:00:00.000-08:00,2025-01-01T01:01:00.000-08:00,1966
ad70,2025-01-01T01:00:00.000-08:00,2025-01-01T01:01:00.000-08:00,1965
ad64,2025-01-01T01:04:00.000-08:00,2025-01-01T01:05:00.000-08:00,1965
ad16,2025-01-01T01:02:00.000-08:00,2025-01-01T01:03:00.000-08:00,1965
ad32,2025-01-01T01:02:00.000-08:00,2025-01-01T01:03:00.000-08:00,1965
ad64,2025-01-01T01:00:00.000-08:00,2025-01-01T01:01:00.000-08:00,1964
ad31,2025-01-01T01:00:00.000-08:00,2025-01-01T01:01:00.000-08:00,1964
ad61,2025-01-01T01:02:00.000-08:00,2025-01-01T01:03:00.000-08:00,1963
ad97,2025-01-01T01:00:00.000-08:00,2025-01-01T01:01:00.000-08:00,1963
ad24,2025-01-01T01:04:00.000-08:00,2025-01-01T01:05:00.000-08:00,1963
ad89,2025-01-01T01:00:00.000-08:00,2025-01-01T01:01:00.000-08:00,1963
ad23,2025-01-01T01:01:00.000-08:00,2025-01-01T01:02:00.000-08:00,1963
ad46,2025-01-01T01:00:00.000-08:00,2025-01-01T01:01:00.000-08:00,1962
ad11,2025-01-01T01:02:00.000-08:00,2025-01-01T01:03:00.000-08:00,1962
ad10,2025-01-01T01:01:00.000-08:00,2025-01-01T01:02:00.000-08:00,1961
ad2,2025-01-01T01:00:00.000-08:00,2025-01-01T01:01:00.000-08:00,1961
ad4,2025-01-01T01:03:00.000-08:00,2025-01-01T01:04:00.000-08:00,1961
ad71,2025-01-01T01:02:00.000-08:00,2025-01-01T01:03:00.000-08:00,1960
ad91,2025-01-01T01:01:00.000-08:00,2025-01-01T01:02:00.000-08:00,1960
ad78,2025-01-01T01:02:00.000-08:00,2025-01-01T01:03:00.000-08:00,1960
ad89,2025-01-01T01:04:00.000-08:00,2025-01-01T01:05:00.000-08:00,1960
ad36,2025-01-01T01:03:00.000-08:00,2025-01-01T01:04:00.000-08:00,1960
ad84,2025-01-01T01:02:00.000-08:00,2025-01-01T01:03:00.000-08:00,1960
ad55,2025-01-01T01:00:00.000-08:00,2025-01-01T01:01:00.000-08:00,1960
ad73,2025-01-01T01:02:00.000-08:00,2025-01-01T01:03:00.000-08:00,1959
ad26,2025-01-01T01:00:00.000-08:00,2025-01-01T01:01:00.000-08:00,1959
ad54,2025-01-01T01:00:00.000-08:00,2025-01-01T01:01:00.000-08:00,1958
ad29,2025-01-01T01:01:00.000-08:00,2025-01-01T01:02:00.000-08:00,1958
ad72,2025-01-01T01:00:00.000-08:00,2025-01-01T01:01:00.000-08:00,1958
ad34,2025-01-01T01:00:00.000-08:00,2025-01-01T01:01:00.000-08:00,1958
ad85,2025-01-01T01:01:00.000-08:00,2025-01-01T01:02:00.000-08:00,1957
ad30,2025-01-01T01:00:00.000-08:00,2025-01-01T01:01:00.000-08:00,1957
ad13,2025-01-01T01:03:00.000-08:00,2025-01-01T01:04:00.000-08:00,1957
ad35,2025-01-01T01:00:00.000-08:00,2025-01-01T01:01:00.000-08:00,1957
ad91,2025-01-01T01:02:00.000-08:00,2025-01-01T01:03:00.000-08:00,1956
ad17,2025-01-01T01:04:00.000-08:00,2025-01-01T01:05:00.000-08:00,1956
ad31,2025-01-01T01:01:00.000-08:00,2025-01-01T01:02:00.000-08:00,1956
ad33,2025-01-01T01:01:00.000-08:00,2025-01-01T01:02:00.000-08:00,1956
ad49,2025-01-01T01:01:00.000-08:00,2025-01-01T01:02:00.000-08:00,1956
ad67,2025-01-01T01:01:00.000-08:00,2025-01-01T01:02:00.000-08:00,1955
ad97,2025-01-01T01:01:00.000-08:00,2025-01-01T01:02:00.000-08:00,1954
ad21,2025-01-01T01:00:00.000-08:00,2025-01-01T01:01:00.000-08:00,1954
ad68,2025-01-01T01:01:00.000-08:00,2025-01-01T01:02:00.000-08:00,1954
ad41,2025-01-01T01:00:00.000-08:00,2025-01-01T01:01:00.000-08:00,1953
ad65,2025-01-01T01:04:00.000-08:00,2025-01-01T01:05:00.000-08:00,1952
ad24,2025-01-01T01:01:00.000-08:00,2025-01-01T01:02:00.000-08:00,1952
ad76,2025-01-01T01:00:00.000-08:00,2025-01-01T01:01:00.000-08:00,1951
ad9,2025-01-01T01:01:00.000-08:00,2025-01-01T01:02:00.000-08:00,1951
ad75,2025-01-01T01:02:00.000-08:00,2025-01-01T01:03:00.000-08:00,1951
ad25,2025-01-01T01:02:00.000-08:00,2025-01-01T01:03:00.000-08:00,1951
ad40,2025-01-01T01:00:00.000-08:00,2025-01-01T01:01:00.000-08:00,1951
ad79,2025-01-01T01:00:00.000-08:00,2025-01-01T01:01:00.000-08:00,1950
ad86,2025-01-01T01:04:00.000-08:00,2025-01-01T01:05:00.000-08:00,1950
ad98,2025-01-01T01:03:00.000-08:00,2025-01-01T01:04:00.000-08:00,1950
ad61,2025-01-01T01:01:00.000-08:00,2025-01-01T01:02:00.000-08:00,1949
ad59,2025-01-01T01:04:00.000-08:00,2025-01-01T01:05:00.000-08:00,1949
ad16,2025-01-01T01:00:00.000-08:00,2025-01-01T01:01:00.000-08:00,1949
ad11,2025-01-01T01:04:00.000-08:00,2025-01-01T01:05:00.000-08:00,1949
ad82,2025-01-01T01:01:00.000-08:00,2025-01-01T01:02:00.000-08:00,1949
ad66,2025-01-01T01:04:00.000-08:00,2025-01-01T01:05:00.000-08:00,1949
ad81,2025-01-01T01:03:00.000-08:00,2025-01-01T01:04:00.000-08:00,1948
ad44,2025-01-01T01:03:00.000-08:00,2025-01-01T01:04:00.000-08:00,1947
ad15,2025-01-01T01:01:00.000-08:00,2025-01-01T01:02:00.000-08:00,1947
ad49,2025-01-01T01:00:00.000-08:00,2025-01-01T01:01:00.000-08:00,1947
ad31,2025-01-01T01:02:00.000-08:00,2025-01-01T01:03:00.000-08:00,1946
ad40,2025-01-01T01:04:00.000-08:00,2025-01-01T01:05:00.000-08:00,1946
ad45,2025-01-01T01:01:00.000-08:00,2025-01-01T01:02:00.000-08:00,1945
ad88,2025-01-01T01:01:00.000-08:00,2025-01-01T01:02:00.000-08:00,1944
ad19,2025-01-01T01:00:00.000-08:00,2025-01-01T01:01:00.000-08:00,1944
ad83,2025-01-01T01:00:00.000-08:00,2025-01-01T01:01:00.000-08:00,1944
ad100,2025-01-01T01:04:00.000-08:00,2025-01-01T01:05:00.000-08:00,1943
ad58,2025-01-01T01:02:00.000-08:00,2025-01-01T01:03:00.000-08:00,1942
ad84,2025-01-01T01:00:00.000-08:00,2025-01-01T01:01:00.000-08:00,1941
ad51,2025-01-01T01:04:00.000-08:00,2025-01-01T01:05:00.000-08:00,1941
ad93,2025-01-01T01:03:00.000-08:00,2025-01-01T01:04:00.000-08:00,1940
ad74,2025-01-01T01:00:00.000-08:00,2025-01-01T01:01:00.000-08:00,1940
ad86,2025-01-01T01:00:00.000-08:00,2025-01-01T01:01:00.000-08:00,1940
ad18,2025-01-01T01:00:00.000-08:00,2025-01-01T01:01:00.000-08:00,1939
ad25,2025-01-01T01:03:00.000-08:00,2025-01-01T01:04:00.000-08:00,1939
ad8,2025-01-01T01:00:00.000-08:00,2025-01-01T01:01:00.000-08:00,1939
ad60,2025-01-01T01:00:00.000-08:00,2025-01-01T01:01:00.000-08:00,1938
ad22,2025-01-01T01:01:00.000-08:00,2025-01-01T01:02:00.000-08:00,1938
ad47,2025-01-01T01:00:00.000-08:00,2025-01-01T01:01:00.000-08:00,1937
ad50,2025-01-01T01:00:00.000-08:00,2025-01-01T01:01:00.000-08:00,1937
ad93,2025-01-01T01:00:00.000-08:00,2025-01-01T01:01:00.000-08:00,1936
ad8,2025-01-01T01:02:00.000-08:00,2025-01-01T01:03:00.000-08:00,1936
ad1,2025-01-01T01:00:00.000-08:00,2025-01-01T01:01:00.000-08:00,1935
ad89,2025-01-01T01:03:00.000-08:00,2025-01-01T01:04:00.000-08:00,1935
ad92,2025-01-01T01:00:00.000-08:00,2025-01-01T01:01:00.000-08:00,1935
ad52,2025-01-01T01:02:00.000-08:00,2025-01-01T01:03:00.000-08:00,1935
ad35,2025-01-01T01:04:00.000-08:00,2025-01-01T01:05:00.000-08:00,1935
ad96,2025-01-01T01:00:00.000-08:00,2025-01-01T01:01:00.000-08:00,1934
ad2,2025-01-01T01:01:00.000-08:00,2025-01-01T01:02:00.000-08:00,1933
ad23,2025-01-01T01:00:00.000-08:00,2025-01-01T01:01:00.000-08:00,1933
ad100,2025-01-01T01:02:00.000-08:00,2025-01-01T01:03:00.000-08:00,1933
ad95,2025-01-01T01:04:00.000-08:00,2025-01-01T01:05:00.000-08:00,1932
ad59,2025-01-01T01:00:00.000-08:00,2025-01-01T01:01:00.000-08:00,1931
ad88,2025-01-01T01:00:00.000-08:00,2025-01-01T01:01:00.000-08:00,1931
ad85,2025-01-01T01:02:00.000-08:00,2025-01-01T01:03:00.000-08:00,1930
ad24,2025-01-01T01:00:00.000-08:00,2025-01-01T01:01:00.000-08:00,1930
ad29,2025-01-01T01:00:00.000-08:00,2025-01-01T01:01:00.000-08:00,1930
ad51,2025-01-01T01:02:00.000-08:00,2025-01-01T01:03:00.000-08:00,1930
ad79,2025-01-01T01:04:00.000-08:00,2025-01-01T01:05:00.000-08:00,1929
ad46,2025-01-01T01:01:00.000-08:00,2025-01-01T01:02:00.000-08:00,1929
ad47,2025-01-01T01:01:00.000-08:00,2025-01-01T01:02:00.000-08:00,1929
ad59,2025-01-01T01:02:00.000-08:00,2025-01-01T01:03:00.000-08:00,1928
ad71,2025-01-01T01:00:00.000-08:00,2025-01-01T01:01:00.000-08:00,1927
ad6,2025-01-01T01:00:00.000-08:00,2025-01-01T01:01:00.000-08:00,1927
ad27,2025-01-01T01:04:00.000-08:00,2025-01-01T01:05:00.000-08:00,1926
ad15,2025-01-01T01:03:00.000-08:00,2025-01-01T01:04:00.000-08:00,1925
ad65,2025-01-01T01:00:00.000-08:00,2025-01-01T01:01:00.000-08:00,1924
ad75,2025-01-01T01:00:00.000-08:00,2025-01-01T01:01:00.000-08:00,1924
ad5,2025-01-01T01:00:00.000-08:00,2025-01-01T01:01:00.000-08:00,1924
ad19,2025-01-01T01:02:00.000-08:00,2025-01-01T01:03:00.000-08:00,1922
ad83,2025-01-01T01:01:00.000-08:00,2025-01-01T01:02:00.000-08:00,1920
ad10,2025-01-01T01:04:00.000-08:00,2025-01-01T01:05:00.000-08:00,1919
ad56,2025-01-01T01:00:00.000-08:00,2025-01-01T01:01:00.000-08:00,1917
ad33,2025-01-01T01:04:00.000-08:00,2025-01-01T01:05:00.000-08:00,1917
ad37,2025-01-01T01:00:00.000-08:00,2025-01-01T01:01:00.000-08:00,1917
ad18,2025-01-01T01:03:00.000-08:00,2025-01-01T01:04:00.000-08:00,1916
ad94,2025-01-01T01:04:00.000-08:00,2025-01-01T01:05:00.000-08:00,1914
ad23,2025-01-01T01:03:00.000-08:00,2025-01-01T01:04:00.000-08:00,1910
ad73,2025-01-01T01:00:00.000-08:00,2025-01-01T01:01:00.000-08:00,1907
ad85,2025-01-01T01:00:00.000-08:00,2025-01-01T01:01:00.000-08:00,1902
ad53,2025-01-01T01:04:00.000-08:00,2025-01-01T01:05:00.000-08:00,1902
ad29,2025-01-01T01:03:00.000-08:00,2025-01-01T01:04:00.000-08:00,1901
ad45,2025-01-01T01:00:00.000-08:00,2025-01-01T01:01:00.000-08:00,1895
ad38,2025-01-01T01:00:00.000-08:00,2025-01-01T01:01:00.000-08:00,1894
ad7,2025-01-01T01:00:00.000-08:00,2025-01-01T01:01:00.000-08:00,1893
ad93,2025-01-01T01:04:00.000-08:00,2025-01-01T01:05:00.000-08:00,1893
ad78,2025-01-01T01:00:00.000-08:00,2025-01-01T01:01:00.000-08:00,1889
ad77,2025-01-01T01:00:00.000-08:00,2025-01-01T01:01:00.000-08:00,1885
ad68,2025-01-01T01:04:00.000-08:00,2025-01-01T01:05:00.000-08:00,1882
ad42,2025-01-01T01:00:00.000-08:00,2025-01-01T01:01:00.000-08:00,1880
ad43,2025-01-01T01:00:00.000-08:00,2025-01-01T01:01:00.000-08:00,1878
ad34,2025-01-01T01:04:00.000-08:00,2025-01-01T01:05:00.000-08:00,1866
ad99,2025-01-01T01:00:00.000-08:00,2025-01-01T01:01:00.000-08:00,1839
ad29,2025-01-01T01:05:00.000-08:00,2025-01-01T01:06:00.000-08:00,51
ad74,2025-01-01T01:05:00.000-08:00,2025-01-01T01:06:00.000-08:00,49
ad86,2025-01-01T01:05:00.000-08:00,2025-01-01T01:06:00.000-08:00,46
ad87,2025-01-01T01:05:00.000-08:00,2025-01-01T01:06:00.000-08:00,45
ad13,2025-01-01T01:05:00.000-08:00,2025-01-01T01:06:00.000-08:00,45
ad79,2025-01-01T01:05:00.000-08:00,2025-01-01T01:06:00.000-08:00,43
ad83,2025-01-01T01:05:00.000-08:00,2025-01-01T01:06:00.000-08:00,43
ad98,2025-01-01T01:05:00.000-08:00,2025-01-01T01:06:00.000-08:00,43
ad44,2025-01-01T01:05:00.000-08:00,2025-01-01T01:06:00.000-08:00,42
ad28,2025-01-01T01:05:00.000-08:00,2025-01-01T01:06:00.000-08:00,42
ad65,2025-01-01T01:05:00.000-08:00,2025-01-01T01:06:00.000-08:00,41
ad18,2025-01-01T01:05:00.000-08:00,2025-01-01T01:06:00.000-08:00,41
ad93,2025-01-01T01:05:00.000-08:00,2025-01-01T01:06:00.000-08:00,41
ad41,2025-01-01T01:05:00.000-08:00,2025-01-01T01:06:00.000-08:00,41
ad99,2025-01-01T01:05:00.000-08:00,2025-01-01T01:06:00.000-08:00,41
ad45,2025-01-01T01:05:00.000-08:00,2025-01-01T01:06:00.000-08:00,41
ad20,2025-01-01T01:05:00.000-08:00,2025-01-01T01:06:00.000-08:00,40
ad91,2025-01-01T01:05:00.000-08:00,2025-01-01T01:06:00.000-08:00,40
ad80,2025-01-01T01:05:00.000-08:00,2025-01-01T01:06:00.000-08:00,40
ad25,2025-01-01T01:05:00.000-08:00,2025-01-01T01:06:00.000-08:00,40
ad5,2025-01-01T01:05:00.000-08:00,2025-01-01T01:06:00.000-08:00,40
ad56,2025-01-01T01:05:00.000-08:00,2025-01-01T01:06:00.000-08:00,39
ad78,2025-01-01T01:05:00.000-08:00,2025-01-01T01:06:00.000-08:00,39
ad42,2025-01-01T01:05:00.000-08:00,2025-01-01T01:06:00.000-08:00,39
ad36,2025-01-01T01:05:00.000-08:00,2025-01-01T01:06:00.000-08:00,39
ad77,2025-01-01T01:05:00.000-08:00,2025-01-01T01:06:00.000-08:00,39
ad97,2025-01-01T01:05:00.000-08:00,2025-01-01T01:06:00.000-08:00,38
ad7,2025-01-01T01:05:00.000-08:00,2025-01-01T01:06:00.000-08:00,38
ad63,2025-01-01T01:05:00.000-08:00,2025-01-01T01:06:00.000-08:00,38
ad75,2025-01-01T01:05:00.000-08:00,2025-01-01T01:06:00.000-08:00,38
ad89,2025-01-01T01:05:00.000-08:00,2025-01-01T01:06:00.000-08:00,37
ad69,2025-01-01T01:05:00.000-08:00,2025-01-01T01:06:00.000-08:00,37
ad31,2025-01-01T01:05:00.000-08:00,2025-01-01T01:06:00.000-08:00,37
ad33,2025-01-01T01:05:00.000-08:00,2025-01-01T01:06:00.000-08:00,37
ad68,2025-01-01T01:05:00.000-08:00,2025-01-01T01:06:00.000-08:00,37
ad12,2025-01-01T01:05:00.000-08:00,2025-01-01T01:06:00.000-08:00,36
ad43,2025-01-01T01:05:00.000-08:00,2025-01-01T01:06:00.000-08:00,36
ad11,2025-01-01T01:05:00.000-08:00,2025-01-01T01:06:00.000-08:00,36
ad27,2025-01-01T01:05:00.000-08:00,2025-01-01T01:06:00.000-08:00,36
ad21,2025-01-01T01:05:00.000-08:00,2025-01-01T01:06:00.000-08:00,36
ad32,2025-01-01T01:05:00.000-08:00,2025-01-01T01:06:00.000-08:00,36
ad35,2025-01-01T01:05:00.000-08:00,2025-01-01T01:06:00.000-08:00,36
ad67,2025-01-01T01:05:00.000-08:00,2025-01-01T01:06:00.000-08:00,35
ad64,2025-01-01T01:05:00.000-08:00,2025-01-01T01:06:00.000-08:00,35
ad16,2025-01-01T01:05:00.000-08:00,2025-01-01T01:06:00.000-08:00,35
ad73,2025-01-01T01:05:00.000-08:00,2025-01-01T01:06:00.000-08:00,35
ad72,2025-01-01T01:05:00.000-08:00,2025-01-01T01:06:00.000-08:00,35
ad40,2025-01-01T01:05:00.000-08:00,2025-01-01T01:06:00.000-08:00,35
ad30,2025-01-01T01:05:00.000-08:00,2025-01-01T01:06:00.000-08:00,34
ad4,2025-01-01T01:05:00.000-08:00,2025-01-01T01:06:00.000-08:00,34
ad82,2025-01-01T01:05:00.000-08:00,2025-01-01T01:06:00.000-08:00,34
ad37,2025-01-01T01:05:00.000-08:00,2025-01-01T01:06:00.000-08:00,34
ad55,2025-01-01T01:05:00.000-08:00,2025-01-01T01:06:00.000-08:00,34
ad10,2025-01-01T01:05:00.000-08:00,2025-01-01T01:06:00.000-08:00,33
ad38,2025-01-01T01:05:00.000-08:00,2025-01-01T01:06:00.000-08:00,33
ad1,2025-01-01T01:05:00.000-08:00,2025-01-01T01:06:00.000-08:00,32
ad17,2025-01-01T01:05:00.000-08:00,2025-01-01T01:06:00.000-08:00,32
ad94,2025-01-01T01:05:00.000-08:00,2025-01-01T01:06:00.000-08:00,32
ad100,2025-01-01T01:05:00.000-08:00,2025-01-01T01:06:00.000-08:00,32
ad39,2025-01-01T01:05:00.000-08:00,2025-01-01T01:06:00.000-08:00,32
ad51,2025-01-01T01:05:00.000-08:00,2025-01-01T01:06:00.000-08:00,32
ad71,2025-01-01T01:05:00.000-08:00,2025-01-01T01:06:00.000-08:00,31
ad61,2025-01-01T01:05:00.000-08:00,2025-01-01T01:06:00.000-08:00,31
ad54,2025-01-01T01:05:00.000-08:00,2025-01-01T01:06:00.000-08:00,31
ad57,2025-01-01T01:05:00.000-08:00,2025-01-01T01:06:00.000-08:00,31
ad23,2025-01-01T01:05:00.000-08:00,2025-01-01T01:06:00.000-08:00,31
ad46,2025-01-01T01:05:00.000-08:00,2025-01-01T01:06:00.000-08:00,30
ad60,2025-01-01T01:05:00.000-08:00,2025-01-01T01:06:00.000-08:00,30
ad92,2025-01-01T01:05:00.000-08:00,2025-01-01T01:06:00.000-08:00,30
ad53,2025-01-01T01:05:00.000-08:00,2025-01-01T01:06:00.000-08:00,30
ad34,2025-01-01T01:05:00.000-08:00,2025-01-01T01:06:00.000-08:00,30
ad52,2025-01-01T01:05:00.000-08:00,2025-01-01T01:06:00.000-08:00,30
ad24,2025-01-01T01:05:00.000-08:00,2025-01-01T01:06:00.000-08:00,29
ad84,2025-01-01T01:05:00.000-08:00,2025-01-01T01:06:00.000-08:00,29
ad50,2025-01-01T01:05:00.000-08:00,2025-01-01T01:06:00.000-08:00,29
ad8,2025-01-01T01:05:00.000-08:00,2025-01-01T01:06:00.000-08:00,29
ad96,2025-01-01T01:05:00.000-08:00,2025-01-01T01:06:00.000-08:00,28
ad59,2025-01-01T01:05:00.000-08:00,2025-01-01T01:06:00.000-08:00,28
ad85,2025-01-01T01:05:00.000-08:00,2025-01-01T01:06:00.000-08:00,28
ad14,2025-01-01T01:05:00.000-08:00,2025-01-01T01:06:00.000-08:00,28
ad66,2025-01-01T01:05:00.000-08:00,2025-01-01T01:06:00.000-08:00,28
ad70,2025-01-01T01:05:00.000-08:00,2025-01-01T01:06:00.000-08:00,27
ad19,2025-01-01T01:05:00.000-08:00,2025-01-01T01:06:00.000-08:00,27
ad76,2025-01-01T01:05:00.000-08:00,2025-01-01T01:06:00.000-08:00,26
ad9,2025-01-01T01:05:00.000-08:00,2025-01-01T01:06:00.000-08:00,26
ad88,2025-01-01T01:05:00.000-08:00,2025-01-01T01:06:00.000-08:00,26
ad2,2025-01-01T01:05:00.000-08:00,2025-01-01T01:06:00.000-08:00,26
ad26,2025-01-01T01:05:00.000-08:00,2025-01-01T01:06:00.000-08:00,26
ad58,2025-01-01T01:05:00.000-08:00,2025-01-01T01:06:00.000-08:00,26
ad15,2025-01-01T01:05:00.000-08:00,2025-01-01T01:06:00.000-08:00,25
ad6,2025-01-01T01:05:00.000-08:00,2025-01-01T01:06:00.000-08:00,24
ad81,2025-01-01T01:05:00.000-08:00,2025-01-01T01:06:00.000-08:00,24
ad47,2025-01-01T01:05:00.000-08:00,2025-01-01T01:06:00.000-08:00,24
ad90,2025-01-01T01:05:00.000-08:00,2025-01-01T01:06:00.000-08:00,24
ad95,2025-01-01T01:05:00.000-08:00,2025-01-01T01:06:00.000-08:00,23
ad22,2025-01-01T01:05:00.000-08:00,2025-01-01T01:06:00.000-08:00,23
ad62,2025-01-01T01:05:00.000-08:00,2025-01-01T01:06:00.000-08:00,22
ad3,2025-01-01T01:05:00.000-08:00,2025-01-01T01:06:00.000-08:00,21
ad48,2025-01-01T01:05:00.000-08:00,2025-01-01T01:06:00.000-08:00,21
ad49,2025-01-01T01:05:00.000-08:00,2025-01-01T01:06:00.000-08:00,21
